acgtacaccg,0,caaccgtagg,0,cagcgcacct,0,gtaaagagta,0,taatatcatt,0,tgtcacactc,0,ttaacgcgcc,0,ttgaccatga,0
acgtacaccg,0,caagagtagg,2,aagagccatt,5,gttaagagta,1,tcatataatt,2,tgtcgcactc,1,tttggacaca,6,ttgaccatga,0
acgtacaccg,0,caaccgtacg,1,ccgcgcaggg,4,gttaagagta,1,taatatcagt,1,tttcacactt,2,ttaccgcgcc,1,ttgaccatga,0
acgtacaccg,0,caaccgtagg,0,cagggcccct,2,gtaaagagta,0,tagtataatt,2,tgtcacactc,0,ttaacgcgcc,0,ttgaccatga,0
acgtacaccg,0,caaccgtagg,0,cagcgcacct,0,gtaaatagta,1,taatatcata,1,tgtcacactc,0,ttaacgcgcc,0,ttgaccatgg,1
acggccaccg,2,taaccgtagg,1,cagcgcacct,0,gtgaagagta,1,taatatcgtt,1,tgtcacactc,0,ttaacgagcg,2,ctgaccatga,1
acgtactccg,1,caaaggtggg,3,cagcgcacct,0,gtaaagagta,0,tactaacatt,2,ggtaagactc,3,ttaacgcgcc,0,gtgaccatga,1
aagtacaccg,1,caaccttagg,1,cagagcacct,1,gtaaagagta,0,taatatcatt,0,tgtcacactc,0,ttaacgggcc,1,ttgaccatga,0
acgtacaccg,0,cagcggtagg,2,cagcgcacca,1,gtaaagagca,1,taatatcatt,0,tgtcacactc,0,ttaacgcgcc,0,ttgaccttga,1
acgtacaccg,0,caatcgttgg,2,cagcgcacct,0,gtaaagagta,0,gactatcatt,2,ggtcacactc,1,ttaacgcgcc,0,ttgaccatga,0
acgtacaccg,0,caaccgtagg,0,aagcgtacct,2,gttacatgtc,5,gaatatcatt,1,tgtcacactc,0,ttgacgcgcc,1,tcctccctgg,5
acgcatacca,3,caaccgtatg,1,cagcgcacct,0,gtaaagagta,0,taatattatt,1,tgtaacaaac,3,ttaacgcgcc,0,ttgggcatga,2
acgtccaccg,1,caaccgtaag,1,cagcgcacct,0,gtaaagagca,1,taaaatcttt,2,tgtcacactc,0,ctaacccgcc,2,ttgaacatga,1
acgtacagcg,1,caactgtagg,1,cagcgcacct,0,gtaaagagta,0,taatatcatt,0,tgtcacactc,0,ttaacgctat,3,tagaccttga,2
acgtacaccg,0,caaccgtagg,0,gatagcacct,3,gtaaagagta,0,taatatcatt,0,tgtcacactc,0,ctctcgcgcc,3,tcggccaagc,4
acgtacaccg,0,caaccgtagg,0,cagcgcacct,0,gtggagagta,2,gaatatcgtt,2,tgtcacactc,0,ttaaggcgcc,1,ttgaccatga,0
acctacaccg,1,caaccgtagg,0,cagcgcacct,0,ctaaagagta,1,taatagcatc,2,tgtcacactc,0,ttaacacgca,2,ttgaccaaga,1
acgtacaccg,0,caaccgtagg,0,aagcgcacct,1,gtaatcagta,2,taatacaatt,2,tgtcacactc,0,ttaacgcgcc,0,tttaccgtga,2
acgtacagcg,1,caaccgtagg,0,cagcgcacct,0,gtcaagtggt,4,taacttcaat,3,tgtctcactc,1,ctatcgcgcc,2,ttgacccgga,2
acgtacaccg,0,caaccgtagg,0,cagcgcacct,0,gtaaagagta,0,ttgtatcatt,2,tgacacgctc,2,ttaacgcgcc,0,ttgaccaaga,1
acgtacgccg,1,caaccgtagg,0,cagcgcacct,0,gtaaaaagta,1,taatatcatt,0,tatcacactc,1,tttacgcgcc,1,aagagcatga,3
acgtacaccg,0,caaccgtatg,1,cagcgcgcct,1,ggaaagcgta,2,caatatcatt,1,tgtcacacac,1,aaaaagcgcc,3,ttgaccatga,0
acgtacaccg,0,caaccgtagg,0,aagcgcacct,1,gtaaagagta,0,taatatcatt,0,tgtcacactc,0,ttaacgctcc,1,atgcccatga,2
tcgtacaccg,1,caaccgtagg,0,cagcgcacct,0,ttaatgatta,3,taatatcatt,0,tgtcacactc,0,tgtactcgcc,3,ttgccgatga,2
acgtacaccg,0,caaccgtagg,0,cagcgcacct,0,gtaaagagta,0,taaggacatg,4,tgtcacactc,0,tcagcgcgtc,3,ttgaccatga,0
atgtacaccg,1,caacggtagt,2,cagcgcacct,0,gtaaaaagga,2,taaaatcata,2,tgtcacactc,0,ttatcgcgcc,1,ttgaccatgt,1
aggtacaacg,2,taaccgtaag,2,cagcgcacct,0,gtaaaaagta,1,tattaacatt,2,tgtcacactc,0,ttaacgcgtc,1,ttgaccacga,1
ccggacacct,3,caaccgtagg,0,catcgcacct,1,gtaaagagta,0,taatatcatt,0,tgtgaccctc,2,ttatcgcgcc,1,ttgaccatga,0
acgtacacca,1,ccaccgtggc,3,cagcgcacct,0,gcaaagagta,1,tgatatcatg,2,tgtcacactc,0,ttaacgcgcc,0,ttgaccatga,0
acgtacaccg,0,caaccgtatg,1,tagcgcacct,1,gtaaaaatta,2,taataacatt,1,tgtcacactc,0,ttaacacgcc,1,ttgaccatga,0
acgtacaccc,1,caaccgtagg,0,cagcgcacct,0,ggtaagagta,2,taatatcatc,1,tatcacactc,1,tcttctcggc,5,gagactatga,3
acttactcag,3,caaccgtagg,0,cggcgcacct,1,gttaagagta,1,ttatctcatc,3,tgtcacactc,0,ttaacgcgcc,0,ttgaccatga,0
acgtacaccg,0,ctaccctagg,2,cagcgcacca,1,gtaaagagta,0,taagatcatt,1,ggtcacactc,1,gttacgtgcc,3,atgaccatta,2
acgtatacca,2,cgaccctagg,2,caccgcacca,2,gtatagagta,1,taatatcatt,0,tgtcacactc,0,ttactccgtc,4,ttgaccatga,0
acgtaccacg,2,caaccgtaat,2,cagcgcacga,2,gtaaagtgta,1,gaacatcatt,2,tttcacactc,1,ttaatgcgcc,1,ttgaccatga,0
acggacccac,4,caaccgtagg,0,gagcgcacct,1,gtaaacagta,1,caatatcgtt,2,tgtcacactc,0,ttaacgcgcc,0,ttgaccatga,0
ccgtacaccg,1,caaccttagg,1,cagcgtaccg,2,ttaaagagta,1,tcctaacatt,3,tgtcacaatc,1,ttattgcgcc,2,ttgaccatta,1
acgtacaccg,0,caaccgtagg,0,cagcgcacct,0,gtaaagagta,0,taatatcatt,0,tgtcacactc,0,ttaacgcgcc,0,tagaccatga,1
acgtacgccg,1,caaccgcggg,2,cagcgcgccc,2,gtgaagagtg,2,taatatcatt,0,tgttacgatc,3,ttaacgcgcc,0,ttgagcatga,1
acttagaccg,2,caaccgtagg,0,cggagctccg,4,gtaaagagta,0,taattttatg,3,tgtctcactc,1,ttaaagcgca,2,gtgaccatga,1
acgtataccg,1,caaccgtagg,0,cagcgcatct,1,gtaaagagta,0,taatatcatt,0,tgtcacactc,0,ttaacgcgcc,0,ttgaccatga,0
acgtacatcg,1,caacggtagg,1,cagcacacct,1,gtaaagagta,0,ttagaccctg,5,tgtcatactt,2,ttaacgcgcc,0,tgtaccatga,2
acgtacaccg,0,tccccgtagg,3,cagtgcacct,1,gtaaagagta,0,taatatcatt,0,tgtcacagtc,1,ttatcacgcc,2,ttgaccatgg,1
acgtacaccg,0,cagccgtagg,1,cagcgcacgg,2,gtaacgagta,1,taatttcatt,1,tgtcacattc,1,ttaacgcgcc,0,ttgaccatga,0
acgtacaccg,0,cgaccgtagg,1,cagcgcacgt,1,ataaagggta,2,taatatcatt,0,tgtaacactc,1,ttaacgcgcc,0,ttgaccatga,0
ccgtacaccg,1,caaccttagg,1,cagcgcacct,0,gtaaagagtc,1,taatatcatt,0,tgtcacactc,0,ttaaagcgct,2,tgtaccaaga,3
acgtacacca,1,caaccgtatg,1,cagcgcacct,0,gtaaagagta,0,taatatcatt,0,tgtcacactc,0,ataacccgcc,2,ttgaccatga,0
acgtacacag,1,caaccgtagg,0,gagcgtacct,2,ctaaagaata,2,taatatcatt,0,tgtcacactc,0,tttacgcgcc,1,ttgaccatga,0
acgtacgccg,1,caacggtagg,1,aagcgcacct,1,gtgacgagta,2,taaagtcatt,2,tgtcacacta,1,ttaacgcgcc,0,tagagcctga,3
acgtacaacg,1,caaccgtagg,0,cagcgtatct,2,gtaaggcgta,2,taatatcatt,0,tgtcacactc,0,ttaacccgct,2,ttgaccatga,0
acgtacaccg,0,caaccgtagg,0,caccccacct,2,gtaattagta,2,gaataacaat,3,tgtcacactc,0,ttaacgcgcc,0,ttgaccatga,0
acgtacagcg,1,caacggtagg,1,cagcgcacct,0,ataaagagtt,2,taatatcatt,0,tgtcacactg,1,ttaacgcgcc,0,ttgaccatga,0
aagtacaccg,1,caaccgtagg,0,cagcgcacct,0,gtaatgagta,1,taatatcatt,0,tgacacactc,1,ttaacgcgcc,0,ttgactatga,1
acgtaccccg,1,caactgtagg,1,cagcacagct,2,gtaaagggta,1,taatacaatt,2,tgtcacagtc,1,tgaatacgcc,3,ttgaccatga,0
aagtacaccg,1,caaccgtagg,0,taccccacgt,4,gtcaagagta,1,taatatgatt,1,tgtcacactc,0,ataatgcgct,3,ttgacgatga,1
acgtccaccg,1,caaacatagg,2,cagcgcacct,0,ataaagagtc,2,taacatcatt,1,tgtcacactc,0,ttaacgctcc,1,ttgaccatga,0
acgtacaccg,0,caaccgtagg,0,cagcgcacct,0,gtcaagtgta,2,tagtatcgat,3,tgtcacacta,1,ttaatgcgcc,1,ttcagtatga,3
acggccaccg,2,caaccgtagg,0,cagctgacct,2,gtaaagagta,0,tcatagcctc,4,tgtcacaatt,2,ttaacgcgcc,0,tggaacatga,2
acgtacaccg,0,caaccgtagg,0,gagcgcaccg,2,gtaaagagta,0,taagatcatt,1,tgtcgcactc,1,ttagcgcgcc,1,tagaacatta,3
atttacaccc,3,caaccgtagg,0,tagcgcaccc,2,gtacagatta,2,tcatatcatt,1,tgtcacactc,0,ttaacgcgcc,0,ttgaccatga,0
gcgtaccacg,3,caaccttagg,1,cagcgcacct,0,gtaaagagta,0,taatatcatt,0,gttcactctc,3,ttaacgcgcc,0,ttgcccatga,1
tcttacaccg,2,caaccgtagg,0,cagcgcacct,0,gttcagagta,2,taaaatcatt,1,tgtcacactt,1,ttaacgcgcc,0,ttgaccatga,0
acgtagaccg,1,caaccgtacg,1,cagctcacat,2,gtaaagagta,0,gaatatcatt,1,tgtccccctc,2,ttaacgcgcc,0,gtgccaggga,5
acgtacaccg,0,caaccgtagg,0,cagcgattct,3,gtaaagagta,0,taatatcatt,0,agtcacactc,1,ggcacccgcg,5,ttgaccatga,0
acgtacaccg,0,caaccgtagg,0,cagcgcacct,0,gtaaagagta,0,taatatcatt,0,tctcacagtc,2,ttaacacgcc,1,ttgaccatga,0
acgtccaccg,1,caaccgcagg,1,cagcccacca,2,gtacagccta,3,aaatatcgtt,2,tatcatactc,2,ctaacgcgcc,1,atagccatca,4
acgtacaccg,0,caaccgtagg,0,caacgcacct,1,gtaaagagta,0,aaagatcatt,2,actcacactc,2,ataacgcacc,2,tttaccatga,1
acgtacacag,1,caaccgtagg,0,ctgcgcacct,1,ggacagatta,3,taatgtcatg,2,tgtcacactc,0,ttcacgcgcc,1,ttgaccatga,0
acgtacaccg,0,caaccttagg,1,ccgcggacct,2,gtgaagagta,1,taatatcatt,0,caacacactc,3,tcaacgcgcg,2,atgaccatga,1
acgtacaccg,0,caaccgtagg,0,cagtgcacct,1,gtaaagagta,0,tattatcctt,2,tgtcacactc,0,agaacgctcc,3,ttgaccaaga,1
acatacaacg,2,caactgtggg,2,cagcgcacct,0,gtaaagagta,0,taatatcatt,0,tgtcacacgc,1,tttagtcgcc,3,gtgaccacga,2
acgtacaccg,0,caatcgtagg,1,ctgcgcaccg,2,gtaaagagta,0,taatatcatt,0,tttcgcagtc,3,ttaaagctcc,2,ttgaccatga,0
acgtgcaccg,1,caaccgtagg,0,cagcgcacct,0,gtaaagagta,0,taaactcagt,3,tgtctcattc,2,ttaacgcgcc,0,ttgaccatga,0
aggttttcct,5,caaccgtagg,0,cagcgcacag,2,gtaaagagta,0,gaatatcatt,1,tggctcacgc,3,ttaacgcgcc,0,tggaccttga,2
acgtacaccg,0,caaccgtagg,0,cagcgcacat,1,gttaagagta,1,taacatcttt,2,tgttacactc,1,ttaacgcgcc,0,tagaccgggt,4
aggtacaccg,1,caaccgtagg,0,caaagcaacg,4,gtaaagagta,0,taatatcatt,0,tatcccacgc,3,ttaccgcgcc,1,ttgaccatga,0
acgtacaccg,0,caaccgtagg,0,cagcgcacct,0,gctaagagca,3,taatatcatt,0,tgtcacactc,0,ttaacgcccc,1,tcgaccatga,1
acgtacaccg,0,caaccgtagg,0,cagcgaacct,1,gtaaggagta,1,taatatcatt,0,tggaacactc,2,ttaacgcgcc,0,ttgaccatga,0
acgtacaccg,0,ctaccgtagg,1,cagcgaacct,1,gccaagagca,3,taatatcatt,0,tgtcacactc,0,ctaacgcgac,2,ttgaccatta,1
acttaaaccg,2,caaccgtggg,1,cagcgcacct,0,ctaaggacta,3,taatatcatt,0,tgtaaaattc,3,ttaacgcgcc,0,ttgaccatga,0
acgtacgcca,2,caaccgaagg,1,cagcgcacct,0,gtaaagagta,0,taatatcatt,0,tgacacactc,1,ttaacgcgcc,0,ttgaccagga,1
acgtacaccg,0,caaccgtagg,0,cagcgcacct,0,gtatagagta,1,taatatcatt,0,cgtcatactc,2,ttaacgcgct,1,ttgaccacga,1
acgtacaccg,0,caaccgtagg,0,cagcgcacct,0,gtaaacagta,1,tagtaacatt,2,tgtcacagtc,1,ttaacgcgcc,0,ttgaccatga,0
acgtacaccg,0,caaccgtagg,0,cagcgcacct,0,gtgaagagta,1,taaagtcatt,2,tgtcacactc,0,ttggagcacc,4,ttgactatga,1
acgtacaccg,0,caaccgtagg,0,cagcgcacgt,1,gtaaagagta,0,agacaacatc,5,tgtctcactc,1,ttagcccgca,3,ttgacaatca,2
acgtacaccg,0,caaccgcagg,1,cagcgcacct,0,gtaatgagta,1,aaaaatcttt,3,tgtcacactc,0,ttaacgcgcc,0,taaaccatca,3
acgtacaccg,0,caaccgcagg,1,cagcgcaact,1,gtaaagacta,1,taatatcatt,0,tgtcacactc,0,atatcgcacc,3,ttgaccatga,0
acgtaatgcg,3,ccaccgtagg,1,caggacactt,3,gtaaagagta,0,taatatcatt,0,tgtcacactc,0,ttaaggcgca,2,ttgaccatga,0
aggtacaacg,2,caaccgtagg,0,cagcgcacct,0,gtaaagggta,1,tataatcatt,2,agtcacactg,2,ttaacgcgcc,0,ttgacaatga,1
acgtacaccg,0,ctaccgtaag,2,cagcgcacat,1,gtaaagtgta,1,caatatcatt,1,cgtcacactc,1,ttaacacgtg,3,accacagtga,5
ccgtacaccg,1,caaccgtagg,0,caacgcacct,1,gtaaagagtc,1,taatatcatt,0,tgtcacacac,1,tcaacgcgac,2,ttgtccatga,1
acgtacaccg,0,cgaccgcagg,2,cagcgctcgt,2,gtaaagagtc,1,taagatcatt,1,tgtcacactc,0,ttaacgcgcc,0,ttgaccatga,0
ccgtacaccg,1,caaccgtagg,0,cagtgcacgt,2,gtaaagagta,0,tagtatcatt,1,tgtaactcta,3,ttaacgcgcc,0,ttgaccatga,0
tcgtactccg,2,caaccgtagg,0,cagcgcaccc,1,gtaaagagta,0,taatatcatt,0,tgtcacagtc,1,ttaactcgcc,1,ttggacttga,3
acgtacaccg,0,caaccgtagg,0,cagcgccctt,2,gtaaagagta,0,taataccatt,1,tttcacactg,2,ttaacgcgcc,0,ttgaccagca,2
acgtacaccg,0,cacccgtatg,2,cagcgcgcct,1,ttaaacagtg,3,taatatcatt,0,ggtcaaactc,2,ttaacgcgcc,0,ttgatcctga,2
acgtagacca,2,caaccgtagg,0,cagcgaacct,1,gtgacgaata,3,caatatcatt,1,tgtcacactg,1,ttaacgcgcc,0,ttgaccatga,0
acgtgcaccg,1,caaccgtagg,0,cagcgcaccg,1,gccaagagta,2,taatatcatt,0,tgtcacactc,0,ttaacgcgcc,0,atgatcatgg,3
acgtgctccg,2,caaccgtagg,0,cagcgcacct,0,gcaaagagta,1,taatgtcatt,1,cctcacactc,2,,,,
acgtacagcg,1,caaccgtagg,0,cagcgcacct,0,gtaaatagta,1,taatatcatt,0,tgtcaccctc,1,,,,
agtacctcca,6,caaccgtagg,0,cagcgcacct,0,gtaaaaagga,2,tagaaaattt,5,tgtcacactt,1,,,,
,,,,gatcgcacct,2,ataatggggt,5,ttcgcgcatt,5,tgaacccctg,5,,,,
,,,,cagcatactt,3,aaaagacgaa,6,,,,,,,,
